donor_id,Continuous Pseudo-progression Score
H19.30.001,0.0
H200.1023,0.0
H18.30.002,0.0
H19.30.002,0.0
H18.30.001,0.0
H21.33.001,0.1496163307
H21.33.011,0.1706185205
H21.33.037,0.1803186282
H21.33.038,0.1823698144
H20.33.035,0.2044854888
H20.33.002,0.2065493707
H21.33.047,0.2247834327
H21.33.015,0.2307807622
H20.33.012,0.2370099969
H21.33.003,0.2380333942
H21.33.030,0.2524425972
H21.33.004,0.2616447624
H21.33.023,0.2965550347
H21.33.028,0.3001771462
H19.33.004,0.3023127763
H21.33.041,0.3037514167
H20.33.024,0.3236389451
H21.33.016,0.3361732969
H20.33.044,0.3556318839
H20.33.034,0.3683301626
H20.33.039,0.3714672007
H21.33.035,0.3769702265
H21.33.032,0.3804112153
H20.33.040,0.4388269343
H20.33.043,0.4421278878
H21.33.012,0.4862965626
H21.33.019,0.5174762862
H21.33.025,0.5180047374
H21.33.043,0.5203466473
H20.33.001,0.5228888279
H21.33.005,0.5757346348
H20.33.025,0.5888818718
H20.33.029,0.6128316989
H20.33.016,0.616531087
H20.33.027,0.6259507964
H21.33.018,0.6439461403
H20.33.041,0.6529431839
H20.33.014,0.6782770434
H21.33.017,0.6802160445
H21.33.027,0.687187072
H21.33.036,0.690040907
H21.33.021,0.7049965047
H21.33.007,0.7233639621
H20.33.004,0.7250056993
H20.33.019,0.7281607213
H21.33.039,0.7293319715
H21.33.022,0.7399239901
H21.33.040,0.7445178897
H20.33.038,0.7488764787
H21.33.026,0.7495988808
H20.33.008,0.7538878342
H21.33.014,0.7541851931
H20.33.005,0.7607808809
H21.33.046,0.7657035971
H20.33.031,0.7778586448
H20.33.030,0.7865152781
H20.33.017,0.7900262279
H21.33.008,0.7903470502
H20.33.011,0.8108649425
H20.33.028,0.8149336392
H20.33.032,0.818040808
H21.33.010,0.821793345
H21.33.031,0.8346266923
H21.33.006,0.8380957485
H20.33.036,0.8443051258
H21.33.044,0.8447979558
H20.33.013,0.8472101617
H21.33.042,0.850064912
H21.33.002,0.8568211689
H20.33.046,0.8683826653
H21.33.034,0.8695211831
H20.33.033,0.8749379765
H20.33.015,0.8789675661
H21.33.013,0.8895627532
H20.33.037,0.8912154234
H20.33.018,0.8960739704
H21.33.033,0.8999115212
H20.33.026,0.906842533
H21.33.029,0.9101122146
H21.33.009,0.9110192907
H21.33.020,0.9110767641
H20.33.045,0.9223538839
H21.33.045,0.9240645407
H20.33.020,0.9285125374
